Class,Umbral
0,0.25396825396825395
1,0.24498389103320678
