Class,Umbral
0,0.2549800796812749
1,0.24425583846452542
