Class,Umbral
0,0.25346534653465347
1,0.20266666666666666
