Class,Umbral
0,0.2532146389713155
1,0.1489671224905441
