Class,Umbral
0,0.25434674615002484
1,0.2069847451054807
