Class,Umbral
0,0.25396825396825395
1,0.22329498458530717
