Class,Umbral
0,0.2533399307273627
1,0.21982321723388526
