Class,Umbral
0,0.25346534653465347
1,0.2035287282512308
