Class,Umbral
0,0.25308947108255064
1,0.21798276735935124
