Class,Umbral
0,0.2533399307273627
1,0.16992627361733398
