Class,Umbral
0,0.25308947108255064
1,0.24896042924211936
