Class,Umbral
0,0.25308947108255064
1,0.24077817287780406
