Class,Umbral
0,0.25346534653465347
1,0.18163967427623817
