Class,Umbral
0,0.2533399307273627
1,0.23067059435106568
