Class,Umbral
0,0.2532146389713155
1,0.25184456468273486
