Class,Umbral
0,0.26175869120654394
1,0.2613578356304237
